Timestamp,n-payments-per-block
2018-01-07 23:00:00,4434.150481640288
2018-01-08 23:00:00,4626.468820931519
2018-01-09 23:00:00,4710.083049592603
2018-01-10 23:00:00,4657.58183271417
2018-01-11 23:00:00,4420.596900917617
2018-01-12 23:00:00,4181.608613923712
2018-01-13 23:00:00,4057.2466144259265
2018-01-14 23:00:00,3864.373223062212
2018-01-15 23:00:00,3747.663125529223
2018-01-16 23:00:00,3641.2457411801774
2018-01-17 23:00:00,3561.168767760408
2018-01-18 23:00:00,3582.6360046177133
2018-01-19 23:00:00,3509.289426476753
2018-01-20 23:00:00,3383.1019056045925
2018-01-21 23:00:00,3273.5245429293172
2018-01-22 23:00:00,3160.855823225867
2018-01-23 23:00:00,3001.94021873655
2018-01-24 23:00:00,2846.789254431394
2018-01-25 23:00:00,2737.5084476914885
2018-01-26 23:00:00,2709.2317824212746
2018-01-27 23:00:00,2749.2832796966322
2018-01-28 23:00:00,2804.3081078096957
2018-01-29 23:00:00,2819.914794051113
2018-01-30 23:00:00,2797.68775660059
2018-01-31 23:00:00,2890.8108279736616
2018-02-01 23:00:00,2918.551549040569
2018-02-02 23:00:00,2911.488634842632
2018-02-03 23:00:00,2824.5080886614087
2018-02-04 23:00:00,2704.965552545839
2018-02-05 23:00:00,2597.063622043908
2018-02-06 23:00:00,2650.687226934966
2018-02-07 23:00:00,2579.2252728134376
2018-02-08 23:00:00,2501.3616482223797
2018-02-09 23:00:00,2522.2741954634985
2018-02-10 23:00:00,2529.9098635928376
2018-02-11 23:00:00,2551.874821657319
2018-02-12 23:00:00,2537.8492273883517
2018-02-13 23:00:00,2409.556554709524
2018-02-14 23:00:00,2293.6574812800804
2018-02-15 23:00:00,2357.0217124687397
2018-02-16 23:00:00,2262.577274764429
2018-02-17 23:00:00,2228.2940345147463
2018-02-18 23:00:00,2213.897185758074
2018-02-19 23:00:00,2222.3687545730163
2018-02-20 23:00:00,2297.8850579807317
2018-02-21 23:00:00,2331.627413605339
2018-02-22 23:00:00,2320.5402238342003
2018-02-23 23:00:00,2345.0355266893757
2018-02-24 23:00:00,2331.0634567320244
2018-02-25 23:00:00,2305.1151600644293
2018-02-26 23:00:00,2367.595459512814
2018-02-27 23:00:00,2372.992679624263
2018-02-28 23:00:00,2419.364882607384
2018-03-01 23:00:00,2392.7576075558136
2018-03-02 23:00:00,2478.02483357304
2018-03-03 23:00:00,2480.2606299605604
2018-03-04 23:00:00,2541.913083165645
2018-03-05 23:00:00,2523.791489018919
2018-03-06 23:00:00,2497.094350740531
2018-03-07 23:00:00,2501.1889411306215
2018-03-08 23:00:00,2445.543502618516
2018-03-09 23:00:00,2437.6571937219333
2018-03-10 23:00:00,2433.2401869192117
2018-03-11 23:00:00,2388.6911294583892
2018-03-12 23:00:00,2352.6600556924373
2018-03-13 23:00:00,2324.400017207715
2018-03-14 23:00:00,2290.9867248206965
2018-03-15 23:00:00,2347.1148112404494
2018-03-16 23:00:00,2285.3390322249447
2018-03-17 23:00:00,2269.9553998458186
2018-03-18 23:00:00,2302.859401181452
2018-03-19 23:00:00,2299.3932306459164
2018-03-20 23:00:00,2361.336325575506
2018-03-21 23:00:00,2342.7213506381627
2018-03-22 23:00:00,2304.9445302363424
2018-03-23 23:00:00,2336.277340283438
2018-03-24 23:00:00,2326.1772468645527
2018-03-26 00:00:00,2299.031726699165
2018-03-27 00:00:00,2304.455874164603
2018-03-28 00:00:00,2241.9985744191767
2018-03-29 00:00:00,2258.5972795152497
2018-03-30 00:00:00,2248.5355451969367
2018-03-31 00:00:00,2206.8206296010685
2018-04-01 00:00:00,2240.634903868468
2018-04-02 00:00:00,2198.983228383459
2018-04-03 00:00:00,2161.7374042076344
2018-04-04 00:00:00,2155.7968280740492
2018-04-05 00:00:00,2164.2311008307706
2018-04-06 00:00:00,2126.904057260306
2018-04-07 00:00:00,2203.37821568374
2018-04-08 00:00:00,2118.77261052501
2018-04-09 00:00:00,2120.1528344342196
2018-04-10 00:00:00,2140.1340521960497
2018-04-11 00:00:00,2129.1080961455164
2018-04-12 00:00:00,2066.238488675199
2018-04-13 00:00:00,2113.9309628676733
2018-04-14 00:00:00,2065.1675147216165
2018-04-15 00:00:00,2158.851375224455
2018-04-16 00:00:00,2215.4601851928273
2018-04-17 00:00:00,2265.3906072096584
2018-04-18 00:00:00,2295.004568150855
2018-04-19 00:00:00,2346.2627203247685
2018-04-20 00:00:00,2334.1333609201283
2018-04-21 00:00:00,2418.9948580604573
2018-04-22 00:00:00,2433.3117762338693
2018-04-23 00:00:00,2440.6718715449997
2018-04-24 00:00:00,2474.409678724609
2018-04-25 00:00:00,2558.080604816919
2018-04-26 00:00:00,2686.9385461641896
2018-04-27 00:00:00,2766.8735609063997
2018-04-28 00:00:00,2749.103363077088
2018-04-29 00:00:00,2875.921359202425
2018-04-30 00:00:00,2906.565945549622
2018-05-01 00:00:00,2882.2017697717843
2018-05-02 00:00:00,2839.044997676751
2018-05-03 00:00:00,2771.681699186623
2018-05-04 00:00:00,2756.811968851204
2018-05-05 00:00:00,2767.982047292868
2018-05-06 00:00:00,2656.880831398902
2018-05-07 00:00:00,2673.692964290495
2018-05-08 00:00:00,2663.963993476363
2018-05-09 00:00:00,2715.4077144489524
2018-05-10 00:00:00,2657.252357306095
2018-05-11 00:00:00,2619.175430448657
2018-05-12 00:00:00,2666.9073308089382
2018-05-13 00:00:00,2649.6151687267143
2018-05-14 00:00:00,2595.608714931939
2018-05-15 00:00:00,2662.8364638496882
2018-05-16 00:00:00,2623.425181134178
2018-05-17 00:00:00,2584.7540418684157
2018-05-18 00:00:00,2599.698074026734
2018-05-19 00:00:00,2516.5500106089853
2018-05-20 00:00:00,2485.116553589814
2018-05-21 00:00:00,2495.340196875957
2018-05-22 00:00:00,2401.489251112591
2018-05-23 00:00:00,2352.276669627125
2018-05-24 00:00:00,2402.7558997218116
2018-05-25 00:00:00,2396.5392830051956
2018-05-26 00:00:00,2305.5605185264308
2018-05-27 00:00:00,2277.2772206955137
2018-05-28 00:00:00,2221.326460920059
2018-05-29 00:00:00,2206.4547127107317
2018-05-30 00:00:00,2246.956274753434
2018-05-31 00:00:00,2195.773491806283
2018-06-01 00:00:00,2143.6295533917564
2018-06-02 00:00:00,2237.1971093297943
2018-06-03 00:00:00,2277.2135508966744
2018-06-04 00:00:00,2306.689465263618
2018-06-05 00:00:00,2284.8942932225445
2018-06-06 00:00:00,2219.5543313960875
2018-06-07 00:00:00,2289.388753835014
2018-06-08 00:00:00,2339.8703545872027
2018-06-09 00:00:00,2332.2823552994114
2018-06-10 00:00:00,2339.8202976202483
2018-06-11 00:00:00,2447.6364831737415
2018-06-12 00:00:00,2545.309389385406
2018-06-13 00:00:00,2607.6921339315004
2018-06-14 00:00:00,2632.55539312129
2018-06-15 00:00:00,2612.8704310245635
2018-06-16 00:00:00,2594.2272422548026
2018-06-17 00:00:00,2534.9713114386313
2018-06-18 00:00:00,2407.487335311443
2018-06-19 00:00:00,2326.6587389948677
2018-06-20 00:00:00,2277.7051715389644
2018-06-21 00:00:00,2215.8914562220234
2018-06-22 00:00:00,2171.847758743032
2018-06-23 00:00:00,2174.1166415721013
2018-06-24 00:00:00,2206.567383826835
2018-06-25 00:00:00,2206.5912332593334
2018-06-26 00:00:00,2216.5621602661463
2018-06-27 00:00:00,2231.2103832318685
2018-06-28 00:00:00,2292.4203386723225
2018-06-29 00:00:00,2292.556794273671
2018-06-30 00:00:00,2271.4196135735765
2018-07-01 00:00:00,2302.9652885989058
2018-07-02 00:00:00,2339.77793245344
2018-07-03 00:00:00,2398.196804542186
2018-07-04 00:00:00,2527.8405726776873
2018-07-05 00:00:00,2534.3155061566913
2018-07-06 00:00:00,2603.730814034457
2018-07-07 00:00:00,2653.8020297392823
2018-07-08 00:00:00,2622.389298853147
2018-07-09 00:00:00,2605.6832981888665
2018-07-10 00:00:00,2606.567863717206
2018-07-11 00:00:00,2500.5925769119026
2018-07-12 00:00:00,2471.577051365034
2018-07-13 00:00:00,2450.4916565610497
2018-07-14 00:00:00,2441.1499232943165
2018-07-15 00:00:00,2491.6731888758522
2018-07-16 00:00:00,2531.375353419218
2018-07-17 00:00:00,2584.369891234344
2018-07-18 00:00:00,2587.9969889266563
2018-07-19 00:00:00,2560.9116395378587
2018-07-20 00:00:00,2537.4407104420693
2018-07-21 00:00:00,2524.467183968543
2018-07-22 00:00:00,2531.5886137160087
2018-07-23 00:00:00,2456.8306198301952
2018-07-24 00:00:00,2361.9433134618653
2018-07-25 00:00:00,2399.0250744681543
2018-07-26 00:00:00,2418.285852069668
2018-07-27 00:00:00,2443.520104367078
2018-07-28 00:00:00,2438.1666943040873
2018-07-29 00:00:00,2427.348075771852
2018-07-30 00:00:00,2463.166877138552
2018-07-31 00:00:00,2554.8031707137056
2018-08-01 00:00:00,2568.6397037096535
2018-08-02 00:00:00,2599.3619474546094
2018-08-03 00:00:00,2613.6885580988674
2018-08-04 00:00:00,2630.4629507936843
2018-08-05 00:00:00,2592.6251149226587
2018-08-06 00:00:00,2605.8271632419865
2018-08-07 00:00:00,2595.6376907570825
2018-08-08 00:00:00,2557.880181698587
2018-08-09 00:00:00,2552.0413039309196
2018-08-10 00:00:00,2564.3159077321716
2018-08-11 00:00:00,2522.7204121133327
2018-08-12 00:00:00,2513.210203939154
2018-08-13 00:00:00,2510.166626750214
2018-08-14 00:00:00,2462.526873933057
2018-08-15 00:00:00,2535.197869814853
2018-08-16 00:00:00,2550.668235308046
2018-08-17 00:00:00,2530.3513487709142
2018-08-18 00:00:00,2573.0367981899167
2018-08-19 00:00:00,2591.4320712991603
2018-08-20 00:00:00,2643.184176813223
2018-08-21 00:00:00,2637.13084347989
2018-08-22 00:00:00,2545.679304756293
2018-08-23 00:00:00,2504.736686078387
2018-08-24 00:00:00,2503.886746153389
2018-08-25 00:00:00,2503.7139168197814
2018-08-26 00:00:00,2572.2889829573473
2018-08-27 00:00:00,2492.381058472026
2018-08-28 00:00:00,2425.52592333689
2018-08-29 00:00:00,2443.4845815749604
2018-08-30 00:00:00,2518.3407416469026
2018-08-31 00:00:00,2515.512785327096
2018-09-01 00:00:00,2506.3983481072232
2018-09-02 00:00:00,2489.72397969908
2018-09-03 00:00:00,2552.0171258592777
2018-09-04 00:00:00,2626.5234911531434
2018-09-05 00:00:00,2688.8510221655483
2018-09-06 00:00:00,2697.10603633603
2018-09-07 00:00:00,2741.051985624836
2018-09-08 00:00:00,2779.565755937715
2018-09-09 00:00:00,2758.933986779721
2018-09-10 00:00:00,2724.66930667455
2018-09-11 00:00:00,2747.844108261852
2018-09-12 00:00:00,2704.3710779149615
2018-09-13 00:00:00,2583.285116257571
2018-09-14 00:00:00,2555.8477288701833
2018-09-15 00:00:00,2552.7477345662414
2018-09-16 00:00:00,2586.8581427295067
2018-09-17 00:00:00,2617.9388557226525
2018-09-18 00:00:00,2646.2901784739756
2018-09-19 00:00:00,2649.332082379679
2018-09-20 00:00:00,2696.5181106371356
2018-09-21 00:00:00,2706.363908661505
2018-09-22 00:00:00,2751.972674895271
2018-09-23 00:00:00,2730.335907285001
2018-09-24 00:00:00,2733.7865410636928
2018-09-25 00:00:00,2682.793047570199
2018-09-26 00:00:00,2629.3777451045175
2018-09-27 00:00:00,2662.8715851972784
2018-09-28 00:00:00,2683.0910799882017
2018-09-29 00:00:00,2619.070285306693
2018-09-30 00:00:00,2616.317095881517
2018-10-01 00:00:00,2602.5832951219495
2018-10-02 00:00:00,2594.738566125322
2018-10-03 00:00:00,2664.1019439041966
2018-10-04 00:00:00,2718.7555144467774
2018-10-05 00:00:00,2721.0009423522056
2018-10-06 00:00:00,2798.3223780593553
2018-10-07 00:00:00,2883.1602126458215
2018-10-08 00:00:00,2962.0659785294674
2018-10-09 00:00:00,3015.190973506361
2018-10-10 00:00:00,3026.5117884578326
2018-10-11 00:00:00,2970.673672694286
2018-10-12 00:00:00,2946.321094077934
2018-10-13 00:00:00,2914.141124047964
2018-10-14 00:00:00,2827.8168606234444
2018-10-15 00:00:00,2838.5336173038777
2018-10-16 00:00:00,2809.87735628095
2018-10-17 00:00:00,2820.4735304771243
2018-10-18 00:00:00,2840.4930698145986
2018-10-19 00:00:00,2879.35243932122
2018-10-20 00:00:00,2856.0477475341336
2018-10-21 00:00:00,2880.267811158453
2018-10-22 00:00:00,2839.476811921229
2018-10-23 00:00:00,2830.323139508417
2018-10-24 00:00:00,2771.475987718408
2018-10-25 00:00:00,2857.158961023159
2018-10-26 00:00:00,2912.026108262886
2018-10-27 00:00:00,2907.784596253768
2018-10-28 00:00:00,2916.9104263060685
2018-10-28 23:00:00,2919.687873806808
2018-10-29 23:00:00,2958.870236031415
2018-10-30 23:00:00,2984.810866829189
2018-10-31 23:00:00,2867.201309927542
2018-11-01 23:00:00,2799.61940642958
2018-11-02 23:00:00,2863.608417418591
2018-11-03 23:00:00,2837.811624788495
2018-11-04 23:00:00,2892.4531981920504
2018-11-05 23:00:00,2926.849089971504
2018-11-06 23:00:00,3008.5646222071255
2018-11-07 23:00:00,3108.529221411602
2018-11-08 23:00:00,3208.643152934625
2018-11-09 23:00:00,3245.3718101042273
2018-11-10 23:00:00,3321.854968120172
2018-11-11 23:00:00,3282.562751719692
2018-11-12 23:00:00,3297.9868347794895
2018-11-13 23:00:00,3321.258114541394
2018-11-14 23:00:00,3322.8098849931644
2018-11-15 23:00:00,3343.4439338362326
2018-11-16 23:00:00,3350.0766850994673
2018-11-17 23:00:00,3322.0637042398425
2018-11-18 23:00:00,3379.822220142027
2018-11-19 23:00:00,3394.3785693483765
2018-11-20 23:00:00,3400.2983745431816
2018-11-21 23:00:00,3472.376379078329
2018-11-22 23:00:00,3441.406980785902
2018-11-23 23:00:00,3422.2429989264915
2018-11-24 23:00:00,3414.634593538776
2018-11-25 23:00:00,3417.103669050678
2018-11-26 23:00:00,3469.435654096949
2018-11-27 23:00:00,3410.74830073784
2018-11-28 23:00:00,3337.1858194741476
2018-11-29 23:00:00,3393.456155149401
2018-11-30 23:00:00,3447.8123531692036
2018-12-01 23:00:00,3509.882573271682
2018-12-02 23:00:00,3506.230204159926
2018-12-03 23:00:00,3458.356567365237
2018-12-04 23:00:00,3454.805637268671
2018-12-05 23:00:00,3411.2460358531375
2018-12-06 23:00:00,3334.676723683825
2018-12-07 23:00:00,3321.7955231577575
2018-12-08 23:00:00,3278.1659647557835
2018-12-09 23:00:00,3252.0962005013976
2018-12-10 23:00:00,3240.482852615554
2018-12-11 23:00:00,3235.061568971661
2018-12-12 23:00:00,3267.8231074331993
2018-12-13 23:00:00,3243.2405475559826
2018-12-14 23:00:00,3116.0613152285887
2018-12-15 23:00:00,3089.161012497974
2018-12-16 23:00:00,3122.52088245139
2018-12-17 23:00:00,3048.2260379813442
2018-12-18 23:00:00,3067.7190736956295
2018-12-19 23:00:00,3034.2594380292826
2018-12-20 23:00:00,3053.618717483219
2018-12-21 23:00:00,3087.4499727250413
2018-12-22 23:00:00,3019.0618615073995
2018-12-23 23:00:00,2893.3490085994385
2018-12-24 23:00:00,2881.014093185905
2018-12-25 23:00:00,2765.3847412092655
2018-12-26 23:00:00,2699.6986079948115
2018-12-27 23:00:00,2600.432579897749
2018-12-28 23:00:00,2552.0297203108007
2018-12-29 23:00:00,2667.731169586163
2018-12-30 23:00:00,2690.141072183566
2018-12-31 23:00:00,2670.125670776823
2019-01-01 23:00:00,2644.628314939465
2019-01-02 23:00:00,2651.2560138108047
2019-01-03 23:00:00,2682.41171591367
2019-01-04 23:00:00,2683.341599196003
2019-01-05 23:00:00,2595.4128054859343
2019-01-06 23:00:00,2653.842516732135
2019-01-07 23:00:00,2717.3742355280956
2019-01-08 23:00:00,2782.8096658695663
2019-01-09 23:00:00,2803.1967254260658
2019-01-10 23:00:00,2857.5697905330017
2019-01-11 23:00:00,2906.052364190072
2019-01-12 23:00:00,2990.1550709436187
2019-01-13 23:00:00,3017.1618821166044
2019-01-14 23:00:00,3040.3403974467687
2019-01-15 23:00:00,3139.837816694188
2019-01-16 23:00:00,3241.686550025775
2019-01-17 23:00:00,3289.6556236031165
2019-01-18 23:00:00,3314.955047250366
2019-01-19 23:00:00,3337.7333906243293
2019-01-20 23:00:00,3298.441658923978
2019-01-21 23:00:00,3282.818705903844
2019-01-22 23:00:00,3273.6553525904906
2019-01-23 23:00:00,3231.677747128695
2019-01-24 23:00:00,3134.7312959906426
2019-01-25 23:00:00,3138.207486466833
2019-01-26 23:00:00,3129.2223522026006
2019-01-27 23:00:00,3172.1167950604076
2019-01-28 23:00:00,3191.3834945677977
2019-01-29 23:00:00,3180.8663788068466
2019-01-30 23:00:00,3207.732773995059
2019-01-31 23:00:00,3276.105750043304
2019-02-01 23:00:00,3241.6581257541825
2019-02-02 23:00:00,3264.6619749605316
2019-02-03 23:00:00,3281.5029173673256
2019-02-04 23:00:00,3282.3452751971568
2019-02-05 23:00:00,3308.2525531768415
2019-02-06 23:00:00,3244.062939526503
2019-02-07 23:00:00,3174.605733106672
2019-02-08 23:00:00,3160.9676075450393
2019-02-09 23:00:00,3118.1932821482137
2019-02-10 23:00:00,3106.765657185185
2019-02-11 23:00:00,3099.6671417198854
2019-02-12 23:00:00,3093.799369611042
2019-02-13 23:00:00,3148.192181207225
2019-02-14 23:00:00,3252.3929637946544
2019-02-15 23:00:00,3316.3811769244553
2019-02-16 23:00:00,3360.5164150196933
2019-02-17 23:00:00,3347.1926825078203
2019-02-18 23:00:00,3372.332647548342
2019-02-19 23:00:00,3371.4908435190378
2019-02-20 23:00:00,3432.8206934077107
2019-02-21 23:00:00,3486.971196162004
2019-02-22 23:00:00,3455.295287595019
2019-02-23 23:00:00,3466.412403812136
2019-02-24 23:00:00,3548.523027430816
2019-02-25 23:00:00,3590.74632671218
2019-02-26 23:00:00,3591.8111231993366
2019-02-27 23:00:00,3579.961734998885
2019-02-28 23:00:00,3540.5904824978848
2019-03-01 23:00:00,3559.8841332915354
2019-03-02 23:00:00,3642.957060364462
2019-03-03 23:00:00,3624.6934010161117
2019-03-04 23:00:00,3605.5986563447245
2019-03-05 23:00:00,3577.1595205503427
2019-03-06 23:00:00,3564.647473311234
2019-03-07 23:00:00,3518.560176195205
2019-03-08 23:00:00,3496.0066742261774
2019-03-09 23:00:00,3359.4288462570453
2019-03-10 23:00:00,3245.4289038143147
2019-03-11 23:00:00,3241.917367442801
2019-03-12 23:00:00,3261.8864453447645
2019-03-13 23:00:00,3231.015198651643
2019-03-14 23:00:00,3222.0017891624498
2019-03-15 23:00:00,3224.758424236571
2019-03-16 23:00:00,3176.182638947795
2019-03-17 23:00:00,3176.530917985438
2019-03-18 23:00:00,3119.6363830741066
2019-03-19 23:00:00,3057.2573196088365
2019-03-20 23:00:00,3007.36676783257
2019-03-21 23:00:00,3027.4720432023614
2019-03-22 23:00:00,2996.816731802439
2019-03-23 23:00:00,3023.688840358152
2019-03-24 23:00:00,3013.5235305081846
2019-03-25 23:00:00,3070.320887758958
2019-03-26 23:00:00,3254.856265059647
2019-03-27 23:00:00,3376.7925751541543
2019-03-28 23:00:00,3487.4803873419664
2019-03-29 23:00:00,3615.5253022023207
2019-03-30 23:00:00,3809.8237180509227
2019-04-01 00:00:00,4024.1272672115942
2019-04-02 00:00:00,4132.950995351499
2019-04-03 00:00:00,4122.895307005241
2019-04-04 00:00:00,4165.5038373821335
2019-04-05 00:00:00,4152.974245545399
2019-04-06 00:00:00,4151.84225061361
2019-04-07 00:00:00,4095.3191262559535
2019-04-08 00:00:00,4051.852841532972
2019-04-09 00:00:00,4019.103437717392
2019-04-10 00:00:00,4045.6960356714544
2019-04-11 00:00:00,4052.9005057350796
2019-04-12 00:00:00,4072.6953387001126
2019-04-13 00:00:00,4082.637005466576
2019-04-14 00:00:00,4110.833069567676
2019-04-15 00:00:00,4160.567967503132
2019-04-16 00:00:00,4171.030881895357
2019-04-17 00:00:00,4111.234292852217
2019-04-18 00:00:00,4071.4522996789187
2019-04-19 00:00:00,4037.542283862221
2019-04-20 00:00:00,4065.934001982024
2019-04-21 00:00:00,4064.439749387008
2019-04-22 00:00:00,3988.400355973298
2019-04-23 00:00:00,3986.958057612883
2019-04-24 00:00:00,4086.2780083517987
2019-04-25 00:00:00,4107.614434573395
2019-04-26 00:00:00,4152.075892578477
2019-04-27 00:00:00,4144.213975783177
2019-04-28 00:00:00,4157.939317861838
2019-04-29 00:00:00,4145.682336223465
2019-04-30 00:00:00,4086.5931044681315
2019-05-01 00:00:00,4063.4039419065552
2019-05-02 00:00:00,3999.5086002805065
2019-05-03 00:00:00,3909.1266995725186
2019-05-04 00:00:00,3907.4867366685694
2019-05-05 00:00:00,3921.1577876370657
2019-05-06 00:00:00,4063.643041290532
2019-05-07 00:00:00,4144.321062777435
2019-05-08 00:00:00,4215.029667951789
2019-05-09 00:00:00,4378.623548486459
2019-05-10 00:00:00,4455.519242068241
2019-05-11 00:00:00,4550.905415000571
2019-05-12 00:00:00,4566.6933437385
2019-05-13 00:00:00,4434.331133384827
2019-05-14 00:00:00,4374.679724754594
2019-05-15 00:00:00,4276.962848903549
2019-05-16 00:00:00,4226.334076889621
2019-05-17 00:00:00,4294.985988174683
2019-05-18 00:00:00,4238.289920057371
2019-05-19 00:00:00,4195.923411402627
2019-05-20 00:00:00,4196.561104299153
2019-05-21 00:00:00,4233.290431802089
2019-05-22 00:00:00,4262.069057287371
2019-05-23 00:00:00,4215.951931998161
2019-05-24 00:00:00,4163.103360074159
2019-05-25 00:00:00,4179.372694297915
2019-05-26 00:00:00,4195.700191963648
2019-05-27 00:00:00,4199.919685762283
2019-05-28 00:00:00,4221.649725239673
2019-05-29 00:00:00,4215.271704925856
2019-05-30 00:00:00,4219.288484175239
2019-05-31 00:00:00,4214.194847195131
2019-06-01 00:00:00,4296.051559110666
2019-06-02 00:00:00,4272.881975383135
2019-06-03 00:00:00,4339.725463701432
2019-06-04 00:00:00,4408.673799922149
2019-06-05 00:00:00,4440.0105006778385
2019-06-06 00:00:00,4434.814759709037
2019-06-07 00:00:00,4402.263662120321
2019-06-08 00:00:00,4250.683817913894
2019-06-09 00:00:00,4269.902940811932
2019-06-10 00:00:00,4191.469577062942
2019-06-11 00:00:00,4095.7575852598525
2019-06-12 00:00:00,4078.175952606791
2019-06-13 00:00:00,4153.4228787245665
2019-06-14 00:00:00,4216.672208337882
2019-06-15 00:00:00,4258.088062688011
2019-06-16 00:00:00,4288.602613537073
2019-06-17 00:00:00,4379.195519270795
2019-06-18 00:00:00,4502.9857318358745
2019-06-19 00:00:00,4468.245472095615
2019-06-20 00:00:00,4363.463149488735
2019-06-21 00:00:00,4378.579897622868
2019-06-22 00:00:00,4446.690760155361
2019-06-23 00:00:00,4484.614258788274
2019-06-24 00:00:00,4408.377242213688
2019-06-25 00:00:00,4269.390441070394
2019-06-26 00:00:00,4348.989266902097
2019-06-27 00:00:00,4428.490653650942
2019-06-28 00:00:00,4464.8950522648465
2019-06-29 00:00:00,4391.416122688496
2019-06-30 00:00:00,4253.222869011383
2019-07-01 00:00:00,4279.925487089728
2019-07-02 00:00:00,4361.55804097652
2019-07-03 00:00:00,4272.011656374473
2019-07-04 00:00:00,4187.962547343969
2019-07-05 00:00:00,4031.9814331136777
2019-07-06 00:00:00,3919.1831219691785
2019-07-07 00:00:00,3883.160456335703
2019-07-08 00:00:00,3823.4335102941286
2019-07-09 00:00:00,3697.071299471244
2019-07-10 00:00:00,3656.61626083899
2019-07-11 00:00:00,3779.0813771180597
2019-07-12 00:00:00,3912.5664998957604
2019-07-13 00:00:00,3964.968966573488
2019-07-14 00:00:00,4006.4543894301755
2019-07-15 00:00:00,4017.8157339679906
2019-07-16 00:00:00,4109.278002267646
2019-07-17 00:00:00,4108.973368629679
2019-07-18 00:00:00,4031.5225405628335
2019-07-19 00:00:00,4134.173968768173
2019-07-20 00:00:00,4229.80749501869
2019-07-21 00:00:00,4139.635753909696
2019-07-22 00:00:00,4085.3634624427746
2019-07-23 00:00:00,3991.1488423134674
2019-07-24 00:00:00,3953.354574852533
2019-07-25 00:00:00,3846.5471271479687
2019-07-26 00:00:00,3598.8816568606803
2019-07-27 00:00:00,3423.9268594628566
2019-07-28 00:00:00,3436.4495910800356
2019-07-29 00:00:00,3360.146372342876
2019-07-30 00:00:00,3302.5215553274625
2019-07-31 00:00:00,3317.8661121790615
2019-08-01 00:00:00,3294.8068693477626
2019-08-02 00:00:00,3309.8279692806937
2019-08-03 00:00:00,3316.6367360468284
2019-08-04 00:00:00,3298.258835008105
2019-08-05 00:00:00,3339.771898676686
2019-08-06 00:00:00,3438.1506389839974
2019-08-07 00:00:00,3426.0822035265323
2019-08-08 00:00:00,3552.2752351251365
2019-08-09 00:00:00,3559.2873075597445
2019-08-10 00:00:00,3620.5531599700234
2019-08-11 00:00:00,3660.768815577288
2019-08-12 00:00:00,3675.463381627261
2019-08-13 00:00:00,3673.659471251922
2019-08-14 00:00:00,3717.6546390781214
2019-08-15 00:00:00,3656.0672883483558
2019-08-16 00:00:00,3643.3278132813934
2019-08-17 00:00:00,3621.586316682754
2019-08-18 00:00:00,3693.680657978875
2019-08-19 00:00:00,3788.999785629935
2019-08-20 00:00:00,3705.1042053119186
2019-08-21 00:00:00,3702.4632661336996
2019-08-22 00:00:00,3870.8625916533815
2019-08-23 00:00:00,3997.9424708472325
2019-08-24 00:00:00,4001.255777122123
2019-08-25 00:00:00,3909.0870271221233
2019-08-26 00:00:00,3814.7486831823962
2019-08-27 00:00:00,3906.0043111691157
2019-08-28 00:00:00,3900.473343226383
2019-08-29 00:00:00,3703.4987550467404
2019-08-30 00:00:00,3524.2652651323992
2019-08-31 00:00:00,3499.0835307719885
2019-09-01 00:00:00,3517.1970419595964
2019-09-02 00:00:00,3564.717005866657
2019-09-03 00:00:00,3524.1519177925306
2019-09-04 00:00:00,3481.768319908933
2019-09-05 00:00:00,3521.3836643910968
2019-09-06 00:00:00,3521.479768287201
2019-09-07 00:00:00,3561.8353966777977
2019-09-08 00:00:00,3588.2109331092374
2019-09-09 00:00:00,3505.378308107121
2019-09-10 00:00:00,3500.220754159735
2019-09-11 00:00:00,3416.8965783355593
2019-09-12 00:00:00,3292.011530838299
2019-09-13 00:00:00,3309.452579662892
2019-09-14 00:00:00,3253.5727846056284
2019-09-15 00:00:00,3225.211156341419
2019-09-16 00:00:00,3275.52801819512
2019-09-17 00:00:00,3253.6654967347326
2019-09-18 00:00:00,3356.544691863928
2019-09-19 00:00:00,3409.5892945625787
2019-09-20 00:00:00,3439.6895584792983
2019-09-21 00:00:00,3473.739706697526
2019-09-22 00:00:00,3480.5097916456134
2019-09-23 00:00:00,3524.3771971275996
2019-09-24 00:00:00,3702.4734192780675
2019-09-25 00:00:00,3696.468445468953
2019-09-26 00:00:00,3742.483286949312
2019-09-27 00:00:00,3678.2448981846073
2019-09-28 00:00:00,3709.6913733430033
2019-09-29 00:00:00,3697.694003810967
2019-09-30 00:00:00,3701.793527957975
2019-10-01 00:00:00,3598.8260322957426
2019-10-02 00:00:00,3600.378384402235
2019-10-03 00:00:00,3565.7766370504874
2019-10-04 00:00:00,3589.5788637055603
2019-10-05 00:00:00,3551.98892643195
2019-10-06 00:00:00,3560.925771769559
2019-10-07 00:00:00,3506.0732817802746
2019-10-08 00:00:00,3418.465128643089
2019-10-09 00:00:00,3342.531161375788
2019-10-10 00:00:00,3360.7861974677808
2019-10-11 00:00:00,3332.3055618272815
2019-10-12 00:00:00,3305.6855423909356
2019-10-13 00:00:00,3347.9881433780324
2019-10-14 00:00:00,3360.867263737775
2019-10-15 00:00:00,3389.9550261545696
2019-10-16 00:00:00,3414.7357087979976
2019-10-17 00:00:00,3430.8315043068365
2019-10-18 00:00:00,3459.499370268036
2019-10-19 00:00:00,3429.5475845537503
2019-10-20 00:00:00,3430.3419068786775
2019-10-21 00:00:00,3435.0521822294118
2019-10-22 00:00:00,3416.0210351793967
2019-10-23 00:00:00,3390.6361656497306
2019-10-24 00:00:00,3325.501550265115
2019-10-25 00:00:00,3348.6847869282014
2019-10-26 00:00:00,3422.5920591849294
2019-10-27 00:00:00,3423.5163190297126
2019-10-27 23:00:00,3502.272398328615
2019-10-28 23:00:00,3535.5435359022026
2019-10-29 23:00:00,3592.807971293301
2019-10-30 23:00:00,3656.3212975193137
2019-10-31 23:00:00,3648.831827089994
2019-11-01 23:00:00,3659.7741427453534
2019-11-02 23:00:00,3645.7764272412414
2019-11-03 23:00:00,3604.2801539493157
2019-11-04 23:00:00,3624.0784029639826
2019-11-05 23:00:00,3635.7259146002157
2019-11-06 23:00:00,3660.309990971606
2019-11-07 23:00:00,3690.00532526694
2019-11-08 23:00:00,3701.930067711995
2019-11-09 23:00:00,3706.6773580460394
2019-11-10 23:00:00,3620.3470429970234
2019-11-11 23:00:00,3550.5171499320313
2019-11-12 23:00:00,3525.8488959637775
2019-11-13 23:00:00,3507.4147208796026
2019-11-14 23:00:00,3410.854456642415
2019-11-15 23:00:00,3331.4803749290336
2019-11-16 23:00:00,3285.8486986098574
2019-11-17 23:00:00,3283.3320345510247
2019-11-18 23:00:00,3289.1731211843535
2019-11-19 23:00:00,3282.6397230631997
2019-11-20 23:00:00,3251.0594935379
2019-11-21 23:00:00,3446.60793218516
2019-11-22 23:00:00,3623.4257030219173
2019-11-23 23:00:00,3605.1506734506447
2019-11-24 23:00:00,3678.1279213935413
2019-11-25 23:00:00,3722.478615271092
2019-11-26 23:00:00,3818.497987891335
2019-11-27 23:00:00,3840.006716522112
2019-11-28 23:00:00,3623.648015932925
2019-11-29 23:00:00,3477.867076284338
2019-11-30 23:00:00,3562.6976767326096
2019-12-01 23:00:00,3541.991801302092
2019-12-02 23:00:00,3504.6378702676093
2019-12-03 23:00:00,3368.6314818645624
2019-12-04 23:00:00,3294.9796611483375
2019-12-05 23:00:00,3343.4844693927694
2019-12-06 23:00:00,3308.400160496797
2019-12-07 23:00:00,3203.5664541110173
2019-12-08 23:00:00,3176.670388723945
2019-12-09 23:00:00,3168.890173040281
2019-12-10 23:00:00,3185.023499857152
2019-12-11 23:00:00,3235.556537677615
2019-12-12 23:00:00,3277.5536634970895
2019-12-13 23:00:00,3265.088768500979
2019-12-14 23:00:00,3284.0281648448613
2019-12-15 23:00:00,3331.776234342931
2019-12-16 23:00:00,3308.2314147280476
2019-12-17 23:00:00,3341.5304234632267
2019-12-18 23:00:00,3375.171019185912
2019-12-19 23:00:00,3308.3655911481196
2019-12-20 23:00:00,3307.2436034866587
2019-12-21 23:00:00,3262.936151005365
2019-12-22 23:00:00,3162.6259227720598
2019-12-23 23:00:00,3179.5652127814137
2019-12-24 23:00:00,3188.557926053957
2019-12-25 23:00:00,3088.1955026797564
2019-12-26 23:00:00,3033.8717026002064
2019-12-27 23:00:00,3063.401442400636
2019-12-28 23:00:00,3129.483221359932
2019-12-29 23:00:00,3167.5326201001494
2019-12-30 23:00:00,3135.814988334325
2019-12-31 23:00:00,3081.9590671520587
2020-01-01 23:00:00,2972.398016762075
2020-01-02 23:00:00,3068.307668583053
2020-01-03 23:00:00,2993.8099800646746
2020-01-04 23:00:00,2938.633194921087
2020-01-05 23:00:00,2956.1271532485302
2020-01-06 23:00:00,3044.333540703111
2020-01-07 23:00:00,3043.7918255217405
2020-01-08 23:00:00,3217.934254810115
2020-01-09 23:00:00,3182.1518607574944
2020-01-10 23:00:00,3276.358439413737
2020-01-11 23:00:00,3302.477168807335
2020-01-12 23:00:00,3288.8022235112953
2020-01-13 23:00:00,3208.739042248114
2020-01-14 23:00:00,3272.311299301405
2020-01-15 23:00:00,3269.2841496485207
2020-01-16 23:00:00,3270.6721524641166
2020-01-17 23:00:00,3199.955448712843
2020-01-18 23:00:00,3263.7942796160905
2020-01-19 23:00:00,3276.518953220632
2020-01-20 23:00:00,3275.9057769232454
2020-01-21 23:00:00,3198.777221593067
2020-01-22 23:00:00,3158.4508140050702
2020-01-23 23:00:00,3149.2091248765887
2020-01-24 23:00:00,3148.0892615389994
2020-01-25 23:00:00,3037.4923076798505
2020-01-26 23:00:00,3014.5810789086213
2020-01-27 23:00:00,3045.7457347342315
2020-01-28 23:00:00,3108.7657699783763
2020-01-29 23:00:00,3106.0707608208672
2020-01-30 23:00:00,3124.993198446135
2020-01-31 23:00:00,3187.495287000855
2020-02-01 23:00:00,3255.1218128332844
2020-02-02 23:00:00,3306.9999347114067
2020-02-03 23:00:00,3312.0801478148755
2020-02-04 23:00:00,3317.9529909341977
2020-02-05 23:00:00,3357.0938152828053
2020-02-06 23:00:00,3411.694568233558
2020-02-07 23:00:00,3435.6268795273804
2020-02-08 23:00:00,3498.8559110609053
2020-02-09 23:00:00,3497.75181907446
2020-02-10 23:00:00,3556.120101877169
2020-02-11 23:00:00,3575.4840307410973
2020-02-12 23:00:00,3620.6905655474193
2020-02-13 23:00:00,3640.0658666844224
2020-02-14 23:00:00,3644.7306453376905
2020-02-15 23:00:00,3651.5585914315193
2020-02-16 23:00:00,3662.5728929267652
2020-02-17 23:00:00,3598.361829217581
2020-02-18 23:00:00,3551.280670916423
2020-02-19 23:00:00,3544.3527773136716
2020-02-20 23:00:00,3574.600907771529
2020-02-21 23:00:00,3523.1621872328083
2020-02-22 23:00:00,3484.5880396445764
2020-02-23 23:00:00,3470.549810268319
2020-02-24 23:00:00,3509.0622425891265
2020-02-25 23:00:00,3534.8224013192853
2020-02-26 23:00:00,3552.8017803049224
2020-02-27 23:00:00,3491.766147003983
2020-02-28 23:00:00,3520.307245146347
2020-02-29 23:00:00,3539.228164009712
2020-03-01 23:00:00,3490.376005863092
2020-03-02 23:00:00,3487.908525939522
2020-03-03 23:00:00,3471.363941439055
2020-03-04 23:00:00,3398.6433154641136
2020-03-05 23:00:00,3361.8921841614615
2020-03-06 23:00:00,3334.4726193245015
2020-03-07 23:00:00,3290.034817791388
2020-03-08 23:00:00,3326.3005077618623
2020-03-09 23:00:00,3328.5752217279855
2020-03-10 23:00:00,3403.501119359766
2020-03-11 23:00:00,3488.954038251874
2020-03-12 23:00:00,3587.673466428621
2020-03-13 23:00:00,3724.9221668894506
2020-03-14 23:00:00,3848.802526875802
2020-03-15 23:00:00,3909.083591200266
2020-03-16 23:00:00,3988.769873713271
2020-03-17 23:00:00,4025.9583437797896
2020-03-18 23:00:00,4096.0332777533795
2020-03-19 23:00:00,4184.815450893725
2020-03-20 23:00:00,4240.794019701065
2020-03-21 23:00:00,4193.080094009821
2020-03-22 23:00:00,4148.264892338601
2020-03-23 23:00:00,4153.452317308589
2020-03-24 23:00:00,4078.435925164148
2020-03-25 23:00:00,4099.36052143744
2020-03-26 23:00:00,3904.287365562941
2020-03-27 23:00:00,3689.177146986017
2020-03-28 23:00:00,3647.825150058213
2020-03-30 00:00:00,3606.1210923700596
2020-03-31 00:00:00,3490.810475266075
2020-04-01 00:00:00,3421.230654143801
2020-04-02 00:00:00,3242.116011185168
2020-04-03 00:00:00,3278.3189348546357
2020-04-04 00:00:00,3362.393121420758
2020-04-05 00:00:00,3300.7943346449006
2020-04-06 00:00:00,3250.3935940042743
2020-04-07 00:00:00,3329.231634577646
2020-04-08 00:00:00,3332.169912719092
2020-04-09 00:00:00,3372.937419721893
2020-04-10 00:00:00,3346.019015996767
2020-04-11 00:00:00,3249.383522145016
2020-04-12 00:00:00,3237.2098021823285
2020-04-13 00:00:00,3276.5282282194103
2020-04-14 00:00:00,3140.323471536035
2020-04-15 00:00:00,3127.6780633727694
2020-04-16 00:00:00,3101.1442040696793
2020-04-17 00:00:00,3178.246244886006
2020-04-18 00:00:00,3319.113042211187
2020-04-19 00:00:00,3408.615265646537
2020-04-20 00:00:00,3466.6166784923766
2020-04-21 00:00:00,3556.978239745406
2020-04-22 00:00:00,3644.2738271078674
2020-04-23 00:00:00,3736.7257768023305
2020-04-24 00:00:00,3788.2357326412603
2020-04-25 00:00:00,3782.378527291929
2020-04-26 00:00:00,3828.788656533499
2020-04-27 00:00:00,3868.38583835667
2020-04-28 00:00:00,3929.369199693804
2020-04-29 00:00:00,3940.3195925416085
2020-04-30 00:00:00,3970.441677300755
2020-05-01 00:00:00,4025.9816355688827
2020-05-02 00:00:00,4072.818346139636
2020-05-03 00:00:00,4054.6212929940534
2020-05-04 00:00:00,4012.299442355988
2020-05-05 00:00:00,3972.043148510683
2020-05-06 00:00:00,3955.420370745952
2020-05-07 00:00:00,3913.234349378157
2020-05-08 00:00:00,3875.54427271257
2020-05-09 00:00:00,3880.3578344161765
2020-05-10 00:00:00,3966.2050976457926
2020-05-11 00:00:00,3975.443853147993
2020-05-12 00:00:00,3979.3196205314603
2020-05-13 00:00:00,4053.704222577585
2020-05-14 00:00:00,4160.770303555431
2020-05-15 00:00:00,4211.199923523719
2020-05-16 00:00:00,4243.695873471582
2020-05-17 00:00:00,4249.881781167994
2020-05-18 00:00:00,4430.949848394885
2020-05-19 00:00:00,4500.20918216422
2020-05-20 00:00:00,4528.939251082795
2020-05-21 00:00:00,4529.282922464391
2020-05-22 00:00:00,4487.4776172165375
2020-05-23 00:00:00,4510.7305798935
2020-05-24 00:00:00,4501.779666194687
2020-05-25 00:00:00,4383.960410906365
2020-05-26 00:00:00,4347.503544834936
2020-05-27 00:00:00,4328.156169559441
2020-05-28 00:00:00,4221.154513244741
2020-05-29 00:00:00,4206.447861118241
2020-05-30 00:00:00,4121.855262895721
2020-05-31 00:00:00,3990.5287476742487
2020-06-01 00:00:00,3921.4373026824587
2020-06-02 00:00:00,3950.4768080129493
2020-06-03 00:00:00,3974.4161231988883
2020-06-04 00:00:00,4013.9104109984623
2020-06-05 00:00:00,3951.4133972695595
2020-06-06 00:00:00,3819.16223313435
2020-06-07 00:00:00,3725.308547704134
2020-06-08 00:00:00,3692.336472232436
2020-06-09 00:00:00,3595.990095649741
2020-06-10 00:00:00,3480.2270765467506
2020-06-11 00:00:00,3397.0694549088694
2020-06-12 00:00:00,3331.478107648648
2020-06-13 00:00:00,3373.8499905897124
2020-06-14 00:00:00,3460.898510721093
2020-06-15 00:00:00,3460.3157402544157
2020-06-16 00:00:00,3535.399207779912
2020-06-17 00:00:00,3599.434386351341
2020-06-18 00:00:00,3713.7157326120077
2020-06-19 00:00:00,3854.7209947866245
2020-06-20 00:00:00,3960.072249554495
2020-06-21 00:00:00,4045.137448007525
2020-06-22 00:00:00,4080.4876494579685
2020-06-23 00:00:00,4052.707169068792
2020-06-24 00:00:00,4043.5502793762066
2020-06-25 00:00:00,3999.764684249824
2020-06-26 00:00:00,3966.5968491679523
2020-06-27 00:00:00,3869.6694310004104
2020-06-28 00:00:00,3851.4514427578265
2020-06-29 00:00:00,3858.0246586743306
2020-06-30 00:00:00,3864.4085230857813
2020-07-01 00:00:00,3837.260573128221
2020-07-02 00:00:00,3856.6041776097154
2020-07-03 00:00:00,3813.634887818033
2020-07-04 00:00:00,3832.4021116909726
2020-07-05 00:00:00,3788.9362665880467
2020-07-06 00:00:00,3759.4136431583065
2020-07-07 00:00:00,3768.9554958868584
2020-07-08 00:00:00,3785.045748136827
2020-07-09 00:00:00,3778.523696441486
2020-07-10 00:00:00,3804.535020483298
2020-07-11 00:00:00,3823.4405626414796
2020-07-12 00:00:00,3855.9147291331615
2020-07-13 00:00:00,3898.7262748686658
2020-07-14 00:00:00,3893.9543427191825
2020-07-15 00:00:00,3985.179485674915
2020-07-16 00:00:00,4020.742906897133
2020-07-17 00:00:00,4134.090109192685
2020-07-18 00:00:00,4261.7860019934315
2020-07-19 00:00:00,4377.006697964127
2020-07-20 00:00:00,4460.3874303293915
2020-07-21 00:00:00,4483.678810103185
2020-07-22 00:00:00,4517.335683119059
2020-07-23 00:00:00,4558.725089606291
2020-07-24 00:00:00,4546.5769803625935
2020-07-25 00:00:00,4467.466713116417
2020-07-26 00:00:00,4410.386384993836
2020-07-27 00:00:00,4362.9569232100885
2020-07-28 00:00:00,4380.254679953797
2020-07-29 00:00:00,4347.826857293699
2020-07-30 00:00:00,4314.955986422828
2020-07-31 00:00:00,4318.364662115327
2020-08-01 00:00:00,4347.463345066768
2020-08-02 00:00:00,4392.6734157096025
2020-08-03 00:00:00,4480.19729577065
2020-08-04 00:00:00,4448.734279542533
2020-08-05 00:00:00,4429.954969197705
2020-08-06 00:00:00,4446.516408544028
2020-08-07 00:00:00,4417.061972239592
2020-08-08 00:00:00,4398.152105661382
2020-08-09 00:00:00,4358.7408277750865
2020-08-10 00:00:00,4249.354263984268
2020-08-11 00:00:00,4334.47595710596
2020-08-12 00:00:00,4329.924975083058
2020-08-13 00:00:00,4292.26809885308
2020-08-14 00:00:00,4280.292300841568
2020-08-15 00:00:00,4266.98862811184
2020-08-16 00:00:00,4258.923093880812
2020-08-17 00:00:00,4294.844845374932
2020-08-18 00:00:00,4328.30770251779
2020-08-19 00:00:00,4374.366144076232
2020-08-20 00:00:00,4447.093148863191
2020-08-21 00:00:00,4458.334878431731
2020-08-22 00:00:00,4434.553206752049
2020-08-23 00:00:00,4494.412962192687
2020-08-24 00:00:00,4477.369794959317
2020-08-25 00:00:00,4389.207033693737
2020-08-26 00:00:00,4405.544725020268
2020-08-27 00:00:00,4362.888264518124
2020-08-28 00:00:00,4444.901083280544
2020-08-29 00:00:00,4452.862096539994
2020-08-30 00:00:00,4389.874399406345
2020-08-31 00:00:00,4482.5803382340555
2020-09-01 00:00:00,4463.867861404397
2020-09-02 00:00:00,4450.019965996234
2020-09-03 00:00:00,4455.894896132608
2020-09-04 00:00:00,4449.709957040693
2020-09-05 00:00:00,4545.485144498089
2020-09-06 00:00:00,4642.744155476424
2020-09-07 00:00:00,4562.770694659026
2020-09-08 00:00:00,4497.323483774672
2020-09-09 00:00:00,4414.230725380993
2020-09-10 00:00:00,4375.38240456497
2020-09-11 00:00:00,4294.493153545162
2020-09-12 00:00:00,4272.7972253188
2020-09-13 00:00:00,4097.070239205205
2020-09-14 00:00:00,4047.8007859424183
2020-09-15 00:00:00,4083.2886245324003
2020-09-16 00:00:00,4096.023062674903
2020-09-17 00:00:00,4120.007091376229
2020-09-18 00:00:00,4042.220411976835
2020-09-19 00:00:00,3944.7547240415815
2020-09-20 00:00:00,4016.4413125024694
2020-09-21 00:00:00,4077.5122815264904
2020-09-22 00:00:00,4118.174675167332
2020-09-23 00:00:00,4195.67371682335
2020-09-24 00:00:00,4241.239537554187
2020-09-25 00:00:00,4340.727481456425
2020-09-26 00:00:00,4359.0285547421145
2020-09-27 00:00:00,4318.877260398874
2020-09-28 00:00:00,4278.45880228175
2020-09-29 00:00:00,4327.330952585336
2020-09-30 00:00:00,4319.499610251272
2020-10-01 00:00:00,4272.271601171151
2020-10-02 00:00:00,4335.868198769455
2020-10-03 00:00:00,4425.127807938567
2020-10-04 00:00:00,4466.251932820307
2020-10-05 00:00:00,4468.616879998379
2020-10-06 00:00:00,4418.087762770092
2020-10-07 00:00:00,4429.385448063522
2020-10-08 00:00:00,4451.224967263968
2020-10-09 00:00:00,4291.0521135346635
2020-10-10 00:00:00,4286.745982631598
2020-10-11 00:00:00,4298.520559048558
2020-10-12 00:00:00,4334.015547423655
2020-10-13 00:00:00,4317.893858613904
2020-10-14 00:00:00,4200.22507799693
2020-10-15 00:00:00,4139.14042026611
2020-10-16 00:00:00,4223.185866847981
2020-10-17 00:00:00,4163.684841340094
2020-10-18 00:00:00,4080.613619568236
2020-10-19 00:00:00,4120.173483513814
2020-10-20 00:00:00,4239.990641711321
2020-10-21 00:00:00,4298.960521229393
2020-10-22 00:00:00,4382.749982104089
2020-10-23 00:00:00,4444.949196241332
2020-10-24 00:00:00,4553.324958720665
2020-10-25 00:00:00,4627.083381449461
2020-10-25 23:00:00,4676.60596997205
2020-10-26 23:00:00,4660.601502439583
2020-10-27 23:00:00,4801.473075311155
2020-10-28 23:00:00,4903.050987399067
2020-10-29 23:00:00,4984.986220859848
2020-10-30 23:00:00,5039.314730394464
2020-10-31 23:00:00,5199.558916634401
2020-11-01 23:00:00,5225.289280492764
2020-11-02 23:00:00,5304.151071333503
2020-11-03 23:00:00,5203.679498461931
2020-11-04 23:00:00,4990.01061256795
2020-11-05 23:00:00,4845.122047618161
2020-11-06 23:00:00,4717.590011380242
2020-11-07 23:00:00,4534.801214469794
2020-11-08 23:00:00,4430.1134794801455
2020-11-09 23:00:00,4168.854426442145
2020-11-10 23:00:00,4096.5972835850025
2020-11-11 23:00:00,4153.294828371111
2020-11-12 23:00:00,4096.068115543124
2020-11-13 23:00:00,4098.909976508133
2020-11-14 23:00:00,4123.661843876728
2020-11-15 23:00:00,4084.132816961614
2020-11-16 23:00:00,4132.686653834201
2020-11-17 23:00:00,4156.279010522099
2020-11-18 23:00:00,4139.194755687452
2020-11-19 23:00:00,4226.3904412974625
2020-11-20 23:00:00,4178.015783880539
2020-11-21 23:00:00,4127.767679871872
2020-11-22 23:00:00,4090.2626880820526
2020-11-23 23:00:00,4133.100194155911
2020-11-24 23:00:00,4223.271492930197
2020-11-25 23:00:00,4287.933402236771
2020-11-26 23:00:00,4258.0999785315225
2020-11-27 23:00:00,4272.440346496891
2020-11-28 23:00:00,4297.10846409358
2020-11-29 23:00:00,4355.12964635959
2020-11-30 23:00:00,4478.905706973469
2020-12-01 23:00:00,4468.164607902262
2020-12-02 23:00:00,4545.074946664706
2020-12-03 23:00:00,4546.5388107836025
2020-12-04 23:00:00,4597.307569802361
2020-12-05 23:00:00,4635.685468689188
2020-12-06 23:00:00,4677.326014907676
2020-12-07 23:00:00,4548.4588172675585
2020-12-08 23:00:00,4501.131697384517
2020-12-09 23:00:00,4447.069444024718
2020-12-10 23:00:00,4514.426971847214
2020-12-11 23:00:00,4534.966136788554
2020-12-12 23:00:00,4597.715325100241
2020-12-13 23:00:00,4557.966537123512
2020-12-14 23:00:00,4593.215765366534
2020-12-15 23:00:00,4605.570328858596
2020-12-16 23:00:00,4595.5982577642235
2020-12-17 23:00:00,4644.790863607993
2020-12-18 23:00:00,4672.767495856018
2020-12-19 23:00:00,4656.359966676337
2020-12-20 23:00:00,4697.3043484535
2020-12-21 23:00:00,4691.478761667061
2020-12-22 23:00:00,4701.844346082646
2020-12-23 23:00:00,4689.11450449566
2020-12-24 23:00:00,4607.715200588051
2020-12-25 23:00:00,4495.502974827258
2020-12-26 23:00:00,4468.8094517745
2020-12-27 23:00:00,4533.025821408089
2020-12-28 23:00:00,4510.090632332458
2020-12-29 23:00:00,4498.084822352964
2020-12-30 23:00:00,4444.118249888883
2020-12-31 23:00:00,4421.6818922132825
2021-01-01 23:00:00,4372.9887128162445
2021-01-02 23:00:00,4393.6777929148575
2021-01-03 23:00:00,4450.279351978442
2021-01-04 23:00:00,4512.02323100404
2021-01-05 23:00:00,4551.382337368678
2021-01-06 23:00:00,4610.648554498021
2021-01-07 23:00:00,4681.019435983145
2021-01-08 23:00:00,4913.846409888979
2021-01-09 23:00:00,5007.662007174631
2021-01-10 23:00:00,4972.088980686749
2021-01-11 23:00:00,5012.360013534991
2021-01-12 23:00:00,5002.516808409938
2021-01-13 23:00:00,4984.536895704446
2021-01-14 23:00:00,4968.523654693755
2021-01-15 23:00:00,4880.599473600219
2021-01-16 23:00:00,4842.078523596375
2021-01-17 23:00:00,4840.6638616044675
2021-01-18 23:00:00,4795.557508843928
2021-01-19 23:00:00,4763.67401917017
2021-01-20 23:00:00,4806.1554688048955
2021-01-21 23:00:00,4857.462947278013
2021-01-22 23:00:00,4904.622744772659
2021-01-23 23:00:00,4831.702114031884
2021-01-24 23:00:00,4780.082188060738
2021-01-25 23:00:00,4818.905516702539
2021-01-26 23:00:00,4777.934315616328
2021-01-27 23:00:00,4808.349601658824
2021-01-28 23:00:00,4754.796655540521
2021-01-29 23:00:00,4808.551513636465
2021-01-30 23:00:00,4952.933243102445
2021-01-31 23:00:00,5028.273892011888
2021-02-01 23:00:00,5156.336647113929
2021-02-02 23:00:00,5289.2064516719065
2021-02-03 23:00:00,5289.880831282906
2021-02-04 23:00:00,5335.84502463266
2021-02-05 23:00:00,5221.241524387966
2021-02-06 23:00:00,5140.161983137504
2021-02-07 23:00:00,5100.252718790739
2021-02-08 23:00:00,4960.000381930068
2021-02-09 23:00:00,5038.759892156683
2021-02-10 23:00:00,5109.244241141032
2021-02-11 23:00:00,5183.864001661519
2021-02-12 23:00:00,5316.520490892764
2021-02-13 23:00:00,5326.647936655349
2021-02-14 23:00:00,5332.308352861068
2021-02-15 23:00:00,5339.639379409534
2021-02-16 23:00:00,5325.609681834381
2021-02-17 23:00:00,5323.310633057072
2021-02-18 23:00:00,5297.190344642944
2021-02-19 23:00:00,5267.1443891715535
2021-02-20 23:00:00,5357.696404079253
2021-02-21 23:00:00,5385.736264547215
2021-02-22 23:00:00,5486.635582378216
2021-02-23 23:00:00,5525.320435821122
2021-02-24 23:00:00,5466.219142801864
2021-02-25 23:00:00,5386.546433516016
2021-02-26 23:00:00,5413.884798118452
2021-02-27 23:00:00,5317.968815967804
2021-02-28 23:00:00,5314.400078874137
2021-03-01 23:00:00,5311.708060366328
2021-03-02 23:00:00,5206.878079323748
2021-03-03 23:00:00,5202.875212486846
2021-03-04 23:00:00,5279.685280023476
2021-03-05 23:00:00,5219.006613752274
2021-03-06 23:00:00,5168.978304523788
2021-03-07 23:00:00,5126.577145294019
2021-03-08 23:00:00,4975.115925868284
2021-03-09 23:00:00,4983.956777873422
2021-03-10 23:00:00,4989.747002175789
2021-03-11 23:00:00,4980.369668571892
2021-03-12 23:00:00,4983.71620740219
2021-03-13 23:00:00,5075.552969324478
2021-03-14 23:00:00,5105.973139591346
2021-03-15 23:00:00,5209.10869819142
2021-03-16 23:00:00,5203.28311950357
2021-03-17 23:00:00,5278.651950928756
2021-03-18 23:00:00,5293.9109222206225
2021-03-19 23:00:00,5328.448682838382
2021-03-20 23:00:00,5280.782277814834
2021-03-21 23:00:00,5184.3844744504695
2021-03-22 23:00:00,5163.956951373941
2021-03-23 23:00:00,5089.436611694445
2021-03-24 23:00:00,4966.912894312756
2021-03-25 23:00:00,4918.038895191576
2021-03-26 23:00:00,4929.460000120033
2021-03-27 23:00:00,4889.382865664193
2021-03-29 00:00:00,4894.812836636616
2021-03-30 00:00:00,4877.05030115885
2021-03-31 00:00:00,4966.0210867333535
2021-04-01 00:00:00,5048.890746950777
2021-04-02 00:00:00,5056.402281721425
2021-04-03 00:00:00,5041.119538624186
2021-04-04 00:00:00,5155.864626173824
2021-04-05 00:00:00,5192.545360705941
2021-04-06 00:00:00,5166.302838327656
2021-04-07 00:00:00,5202.484263637506
2021-04-08 00:00:00,5180.103007950519
2021-04-09 00:00:00,5197.024682827366
2021-04-10 00:00:00,5192.842808498687
2021-04-11 00:00:00,5128.738904185952
2021-04-12 00:00:00,5167.336528856983
2021-04-13 00:00:00,5228.963741921696
2021-04-14 00:00:00,5224.835388467639
2021-04-15 00:00:00,5332.9019338118915
2021-04-16 00:00:00,5311.916053413222
2021-04-17 00:00:00,5554.513788649369
2021-04-18 00:00:00,5818.154321001458
2021-04-19 00:00:00,6039.785911657743
2021-04-20 00:00:00,6300.401533078131
2021-04-21 00:00:00,6404.808160341713
2021-04-22 00:00:00,6538.687839738223
2021-04-23 00:00:00,6501.265628228802
2021-04-24 00:00:00,6288.60687238558
2021-04-25 00:00:00,6025.029218512359
2021-04-26 00:00:00,5759.745236422611
2021-04-27 00:00:00,5585.446396539398
2021-04-28 00:00:00,5380.380815553483
2021-04-29 00:00:00,5070.776655942352
2021-04-30 00:00:00,5117.190602651381
2021-05-01 00:00:00,4995.1286066652465
2021-05-02 00:00:00,4984.327529300537
2021-05-03 00:00:00,4832.484247721086
2021-05-04 00:00:00,4583.458208045626
2021-05-05 00:00:00,4458.24416689263
2021-05-06 00:00:00,4467.821119051443
2021-05-07 00:00:00,4385.26484408244
2021-05-08 00:00:00,4347.752150761326
2021-05-09 00:00:00,4287.442347476135
2021-05-10 00:00:00,4373.237813910311
2021-05-11 00:00:00,4434.747270461294
2021-05-12 00:00:00,4536.575169178277
2021-05-13 00:00:00,4514.743350611716
2021-05-14 00:00:00,4521.258721977653
2021-05-15 00:00:00,4641.048328761012
2021-05-16 00:00:00,4766.923076606235
2021-05-17 00:00:00,4890.954496798945
2021-05-18 00:00:00,5042.568907136083
2021-05-19 00:00:00,5200.541166272296
2021-05-20 00:00:00,5339.149465275618
2021-05-21 00:00:00,5509.755942649177
2021-05-22 00:00:00,5632.143382075423
2021-05-23 00:00:00,5619.736657737243
2021-05-24 00:00:00,5641.529192933139
2021-05-25 00:00:00,5561.825326813689
2021-05-26 00:00:00,5438.527533550041
2021-05-27 00:00:00,5336.324264229198
2021-05-28 00:00:00,5178.532444937379
2021-05-29 00:00:00,5002.565720065612
2021-05-30 00:00:00,4921.956114154282
2021-05-31 00:00:00,4721.519639564446
2021-06-01 00:00:00,4603.99023347577
2021-06-02 00:00:00,4467.756235994951
2021-06-03 00:00:00,4290.659525969838
2021-06-04 00:00:00,4225.077681510443
2021-06-05 00:00:00,4176.460992086581
2021-06-06 00:00:00,4114.29755622
2021-06-07 00:00:00,4090.9618419342855
2021-06-08 00:00:00,4132.496141208307
2021-06-09 00:00:00,4158.715180274921
2021-06-10 00:00:00,4262.883486151489
2021-06-11 00:00:00,4407.343106319168
2021-06-12 00:00:00,4545.468079056355
2021-06-13 00:00:00,4570.956339523623
2021-06-14 00:00:00,4637.178417445701
2021-06-15 00:00:00,4633.451075280765
2021-06-16 00:00:00,4734.862191189806
2021-06-17 00:00:00,4806.995342011111
2021-06-18 00:00:00,4657.136858122118
2021-06-19 00:00:00,4480.933632315667
2021-06-20 00:00:00,4538.350677244847
2021-06-21 00:00:00,4619.523837418007
2021-06-22 00:00:00,4713.614086851114
2021-06-23 00:00:00,4844.555283059485
2021-06-24 00:00:00,4927.491944321431
2021-06-25 00:00:00,5052.652907168108
2021-06-26 00:00:00,5119.586003104429
2021-06-27 00:00:00,5223.835734283036
2021-06-28 00:00:00,5529.010068423472
2021-06-29 00:00:00,5713.522008371866
2021-06-30 00:00:00,5741.953876503734
2021-07-01 00:00:00,5806.346229061622
2021-07-02 00:00:00,5922.357041807773
2021-07-03 00:00:00,6050.97637802711
2021-07-04 00:00:00,5906.278472287799
2021-07-05 00:00:00,5574.574945600778
2021-07-06 00:00:00,5237.954069350591
2021-07-07 00:00:00,4919.305980819404
2021-07-08 00:00:00,4681.700544235343
2021-07-09 00:00:00,4373.922570524087
2021-07-10 00:00:00,4144.923854905524
2021-07-11 00:00:00,3943.0821456781837
2021-07-12 00:00:00,3865.0181953676242
2021-07-13 00:00:00,3903.1289457283747
2021-07-14 00:00:00,3894.782706528469
2021-07-15 00:00:00,3717.313853621453
2021-07-16 00:00:00,3753.8789631409795
2021-07-17 00:00:00,3658.12180574367
2021-07-18 00:00:00,3680.308414166303
2021-07-19 00:00:00,3598.430326864716
2021-07-20 00:00:00,3430.93639595902
2021-07-21 00:00:00,3520.9457119805106
2021-07-22 00:00:00,3607.149884684074
2021-07-23 00:00:00,3505.9275530430846
2021-07-24 00:00:00,3594.376547752079
2021-07-25 00:00:00,3594.144565448668
2021-07-26 00:00:00,3584.7913324888173
2021-07-27 00:00:00,3722.4249459341954
2021-07-28 00:00:00,3555.523403021948
2021-07-29 00:00:00,3543.720579138167
2021-07-30 00:00:00,3581.4083125648713
2021-07-31 00:00:00,3516.3422323710806
2021-08-01 00:00:00,3533.8392028508724
2021-08-02 00:00:00,3559.873313464815
2021-08-03 00:00:00,3529.2353514268534
2021-08-04 00:00:00,3531.2766820419397
2021-08-05 00:00:00,3585.076593726359
2021-08-06 00:00:00,3561.473022297788
2021-08-07 00:00:00,3573.258319822117
2021-08-08 00:00:00,3542.6202974942585
2021-08-09 00:00:00,3539.250613832531
2021-08-10 00:00:00,3527.7876360208693
2021-08-11 00:00:00,3565.479180373952
2021-08-12 00:00:00,3555.3774110948116
2021-08-13 00:00:00,3568.8689319084347
2021-08-14 00:00:00,3641.835555549653
2021-08-15 00:00:00,3646.570355983628
2021-08-16 00:00:00,3588.7335318674186
2021-08-17 00:00:00,3576.6231141305298
2021-08-18 00:00:00,3547.657026342349
2021-08-19 00:00:00,3573.1136508969325
2021-08-20 00:00:00,3568.2594445545524
2021-08-21 00:00:00,3526.8366326833248
2021-08-22 00:00:00,3538.115655023969
2021-08-23 00:00:00,3574.2815048535817
2021-08-24 00:00:00,3491.0139646881003
2021-08-25 00:00:00,3565.3866078256938
2021-08-26 00:00:00,3502.921826079662
2021-08-27 00:00:00,3551.6795458549936
2021-08-28 00:00:00,3559.483190669084
2021-08-29 00:00:00,3641.7318884460665
2021-08-30 00:00:00,3670.372422708552
2021-08-31 00:00:00,3832.975129984356
2021-09-01 00:00:00,3900.6117384156073
2021-09-02 00:00:00,4038.592010834794
2021-09-03 00:00:00,4103.524121842293
2021-09-04 00:00:00,4156.940409460636
2021-09-05 00:00:00,4138.110334616697
2021-09-06 00:00:00,4141.618755058044
2021-09-07 00:00:00,4030.972188059152
2021-09-08 00:00:00,3996.076821579227
2021-09-09 00:00:00,3950.1018182747284
2021-09-10 00:00:00,3992.884435794376
2021-09-11 00:00:00,3998.1158689081617
2021-09-12 00:00:00,4005.0349248304437
2021-09-13 00:00:00,4045.7480787331197
2021-09-14 00:00:00,4068.5297760105386
2021-09-15 00:00:00,3994.0766447580377
2021-09-16 00:00:00,3987.5243308747376
2021-09-17 00:00:00,3969.264463058998
2021-09-18 00:00:00,3934.931258348542
2021-09-19 00:00:00,3916.704368324878
2021-09-20 00:00:00,3888.802734457045
2021-09-21 00:00:00,3911.99867270349
2021-09-22 00:00:00,4055.70704751683
2021-09-23 00:00:00,4084.666445696955
2021-09-24 00:00:00,3946.0917130766347
2021-09-25 00:00:00,3971.4328669126867
2021-09-26 00:00:00,3986.048887137981
2021-09-27 00:00:00,4041.3151063055043
2021-09-28 00:00:00,4038.8676015286132
2021-09-29 00:00:00,3928.904706486129
2021-09-30 00:00:00,3889.3913228548345
2021-10-01 00:00:00,3925.6255903417336
2021-10-02 00:00:00,3980.177245057674
2021-10-03 00:00:00,3925.2543516095143
2021-10-04 00:00:00,3939.65200148961
2021-10-05 00:00:00,3963.0391337122264
2021-10-06 00:00:00,4017.2897755607505
2021-10-07 00:00:00,4089.5036670128093
2021-10-08 00:00:00,4264.97793779615
2021-10-09 00:00:00,4362.374706503633
2021-10-10 00:00:00,4475.116449158142
2021-10-11 00:00:00,4433.718443767307
2021-10-12 00:00:00,4496.364838468496
2021-10-13 00:00:00,4604.099159025986
2021-10-14 00:00:00,4465.435056246793
2021-10-15 00:00:00,4406.45892863159
2021-10-16 00:00:00,4352.398720931489
2021-10-17 00:00:00,4472.244084340011
2021-10-18 00:00:00,4493.655006397513
2021-10-19 00:00:00,4503.440747128459
2021-10-20 00:00:00,4440.098811644589
2021-10-21 00:00:00,4538.052983440784
2021-10-22 00:00:00,4547.630400795574
2021-10-23 00:00:00,4421.735379442028
2021-10-24 00:00:00,4307.28098483482
2021-10-25 00:00:00,4325.892101781598
2021-10-26 00:00:00,4222.77079837458
2021-10-27 00:00:00,4223.581305287023
2021-10-28 00:00:00,4201.498398923092
2021-10-29 00:00:00,4179.3250448967965
2021-10-30 00:00:00,4184.43133911335
2021-10-31 00:00:00,4210.132689820485
2021-10-31 23:00:00,4278.74923859827
2021-11-01 23:00:00,4427.390812275558
2021-11-02 23:00:00,4409.810125114617
2021-11-03 23:00:00,4396.795719019862
2021-11-04 23:00:00,4419.412291989376
2021-11-05 23:00:00,4448.36103481418
2021-11-06 23:00:00,4407.910582961885
2021-11-07 23:00:00,4366.58068217663
2021-11-08 23:00:00,4396.500437646386
2021-11-09 23:00:00,4463.173643604319
2021-11-10 23:00:00,4531.672681853993
2021-11-11 23:00:00,4459.3711226537
2021-11-12 23:00:00,4490.736086631113
2021-11-13 23:00:00,4503.339503755538
2021-11-14 23:00:00,4482.567244958177
2021-11-15 23:00:00,4404.860464762655
2021-11-16 23:00:00,4375.8403269180435
2021-11-17 23:00:00,4339.702263639041
2021-11-18 23:00:00,4400.795454818466
2021-11-19 23:00:00,4446.880152787301
2021-11-20 23:00:00,4482.237659468135
2021-11-21 23:00:00,4588.680362200646
2021-11-22 23:00:00,4610.368500045611
2021-11-23 23:00:00,4661.3794957166065
2021-11-24 23:00:00,4654.67350918828
2021-11-25 23:00:00,4746.631827259099
2021-11-26 23:00:00,4801.561686329469
2021-11-27 23:00:00,4793.010210219371
2021-11-28 23:00:00,4732.947159361356
2021-11-29 23:00:00,4767.070164016275
2021-11-30 23:00:00,4797.8284505059055
2021-12-01 23:00:00,4890.594727745333
2021-12-02 23:00:00,4798.469275777947
2021-12-03 23:00:00,4638.334844732802
2021-12-04 23:00:00,4669.5730839129765
2021-12-05 23:00:00,4609.851176757117
2021-12-06 23:00:00,4482.13263948044
2021-12-07 23:00:00,4379.283443899901
2021-12-08 23:00:00,4187.28653491733
2021-12-09 23:00:00,4097.664929647476
2021-12-10 23:00:00,4135.255654398914
2021-12-11 23:00:00,4055.052413333208
2021-12-12 23:00:00,4118.977198186908
2021-12-13 23:00:00,4222.44709757665
2021-12-14 23:00:00,4198.032390661942
2021-12-15 23:00:00,4345.989149961407
2021-12-16 23:00:00,4545.572566491529
2021-12-17 23:00:00,4504.513110287778
2021-12-18 23:00:00,4615.531558726756
2021-12-19 23:00:00,4572.907014143822
2021-12-20 23:00:00,4549.843353218459
2021-12-21 23:00:00,4561.841386744443
2021-12-22 23:00:00,4541.430545812325
2021-12-23 23:00:00,4423.307286577282
2021-12-24 23:00:00,4444.2425281435735
2021-12-25 23:00:00,4330.667698211601
2021-12-26 23:00:00,4410.9517310674555
2021-12-27 23:00:00,4414.994738360463
2021-12-28 23:00:00,4522.768070016292
2021-12-29 23:00:00,4564.705508439938
2021-12-30 23:00:00,4692.399528153087
2021-12-31 23:00:00,4722.7778052828635